AC101,AC,2019
ATV101,ATV,2019
ATV102,ATV,2019
ATV103,ATV,2019
ATV201,ATV,2019
EMI101,EMI,2019
EMI102,EMI,2019
EMI103,EMI,2019
EMI104,EMI,2019
EMI201,EMI,2019
EMI202,EMI,2019
EMI203,EMI,2019
EMI204,EMI,2019
ESA101,ESA,2019
ESA102,ESA,2019
ESA103,ESA,2019
ESA104,ESA,2019
ESA201,ESA,2019
ESA202,ESA,2019
TCE101,TCE,2019
TCE102,TCE,2019
TCE103,TCE,2019
TCE104,TCE,2019
TCE105,TCE,2019
TCE201,TCE,2019
TCE202,TCE,2019
TCM101,TCM,2019
TCM102,TCM,2019
TCM201,TCM,2019
TCVM101,TCVM,2019
TCVM102,TCVM,2019
TCVM201,TCVM,2019
TCVM202,TCVM,2019
TDB101,TDB,2019
TDB102,TDB,2019
TDB103,TDB,2019
TDB201,TDB,2019
TDB202,TDB,2019
TDB203,TDB,2019
TDI101,TDI,2019
TDI102,TDI,2019
TDI103,TDI,2019
TDI104,TDI,2019
TDI201,TDI,2019
TDI202,TDI,2019
TFI101,TFI,2019
TFI102,TFI,2019
TFI103,TFI,2019
TFI104,TFI,2019
TFI201,TFI,2019
TFI202,TFI,2019
TFM101,TFM,2019
TFM102,TFM,2019
TFM103,TFM,2019
TFM201,TFM,2019
TMSIR101,TMSIR,2019
TMSIR102,TMSIR,2019
TMSIR201,TMSIR,2019
TMSIR202,TMSIR,2019
TREMOA101,TREMOA,2019
TREMOA102,TREMOA,2019
TREMOA103,TREMOA,2019
TREMOA104,TREMOA,2019
TREMOA105,TREMOA,2019
TREMOA201,TREMOA,2019
TREMOA202,TREMOA,2019
TREMOA203,TREMOA,2019
TRI101,TRI,2019
TRI102,TRI,2019
TRI103,TRI,2019
TRI201,TRI,2019
TRI202,TRI,2019
TSB101,TSB,2019
TSB102,TSB,2019
TSB103,TSB,2019
TSB104,TSB,2019
TSB105,TSB,2019
TSB106,TSB,2019
TSB201,TSB,2019
TSB202,TSB,2019
TSBECM101,TSBECM,2019
TSBECM102,TSBECM,2019
TSC101,TSC,2019
TSC102,TSC,2019
TSC103,TSC,2019
TSC104,TSC,2019
TSC201,TSC,2019
TSC202,TSC,2019
TSCTTP101,TSCTTP,2019
TSCTTP102,TSCTTP,2019
TSCTTP103,TSCTTP,2019
TSCTTP104,TSCTTP,2019
TSCTTP201,TSCTTP,2019
TSCTTP202,TSCTTP,2019
TSD101,TSD,2019
TSD102,TSD,2019
TSD103,TSD,2019
TSD201,TSD,2019
TSDEE101,TSDEE,2019
TSFC101,TSFC,2019
TSGE101,TSGE,2019
TSGE102,TSGE,2019
TSGE103,TSGE,2019
TSGE104,TSGE,2019
TSGE105,TSGE,2019
TSGE201,TSGE,2019
TSGE202,TSGE,2019
TSGE203,TSGE,2019
TSGO101,TSGO,2019
TSGO102,TSGO,2019
TSGO201,TSGO,2019
TSGO202,TSGO,2019
TSMFM101,TSMFM,2019
TSMFM102,TSMFM,2019
TSMFM103,TSMFM,2019
TSMFM201,TSMFM,2019
TSMFM202,TSMFM,2019
TSMFM203,TSMFM,2019
Groupe libre,Groupe libre,2019
